,Entity Status,Abandoned_time
0,MICRO,6.376797194624209
1,SMALL,7.049485584755434
2,UNDISCOUNTED,7.650896864688296
